{
  "HOME_TITLE":"Inicio",
  "CALLCENTER_TITLE":"Callcenter",
  "SERVICES_INCOMING_TITLE": "Servicios Llamada Entrante",
  "SERVICES_OUTCOMING_TITLE": "Servicios Llamada Saliente",
  "SERVICES_INCOMING_CALL_DESCRIPTION": "MSG001::TBD-AGREGAR TEXTO CON DESCRIPCION DE SERVICIOS DE LLAMADA ENTRANTE",
  "SERVICE_INCOMING_LIST_ITEM_1_TITLE": "Atención al cliente",
  "SERVICE_INCOMING_LIST_ITEM_1_DETAILS": "MSG002::TBD-DESCRIPCION",
  "SERVICE_INCOMING_LIST_ITEM_2_TITLE": "Soporte al servicio técnico",
  "SERVICE_INCOMING_LIST_ITEM_2_DETAILS": "MSG003::TBD-DESCRIPCION",
  "SERVICE_INCOMING_LIST_ITEM_3_TITLE": "Fidelización de clientes",
  "SERVICE_INCOMING_LIST_ITEM_3_DETAILS": "MSG004::TBD-DESCRIPCION",
  "SERVICE_INCOMING_LIST_ITEM_4_TITLE": "Llamadas de altas y bajas",
  "SERVICE_INCOMING_LIST_ITEM_4_DETAILS": "MSG005::TBD-DESCRIPCION",
  "SERVICE_INCOMING_LIST_ITEM_5_TITLE": "Realización de pedidos",
  "SERVICE_INCOMING_LIST_ITEM_5_DETAILS": "MSG006::TBD-DESCRIPCION",
  "SERVICE_OUTCOMING_LIST_ITEM_1_TITLE": "Concertación de citas comerciales",
  "SERVICE_OUTCOMING_LIST_ITEM_1_DETAILS": "MSG007::TBD-DESCRIPCION",
  "SERVICE_OUTCOMING_LIST_ITEM_2_TITLE": "Optimización de bases de datos",
  "SERVICE_OUTCOMING_LIST_ITEM_2_DETAILS": "MSG008::TBD-DESCRIPCION",
  "SERVICE_OUTCOMING_LIST_ITEM_3_TITLE": "Encuestas telefónicas",
  "SERVICE_OUTCOMING_LIST_ITEM_3_DETAILS": "MSG009::TBD-DESCRIPCION",
  "SERVICE_OUTCOMING_LIST_ITEM_4_TITLE": "Televenta o Telemarketing",
  "SERVICE_OUTCOMING_LIST_ITEM_4_DETAILS": "MSG010::TBD-DESCRIPCION",
  "SERVICE_OUTCOMING_LIST_ITEM_5_TITLE": "Confirmación de asistencia a eventos",
  "SERVICE_OUTCOMING_LIST_ITEM_5_DETAILS": "MSG011::TBD-DESCRIPCION",
  "SERVICE_OUTCOMING_LIST_ITEM_6_TITLE": "Marketing relacional",
  "SERVICE_OUTCOMING_LIST_ITEM_6_DETAILS": "MSG012::TBD-DESCRIPCION",
  "SERVICE_OUTCOMING_LIST_ITEM_7_TITLE": "Cobro de morosos",
  "SERVICE_OUTCOMING_LIST_ITEM_7_DETAILS": "MSG013::TBD-DESCRIPCION",
  "SERVICES_OUTCOMING_CALL_DESCRIPTION": "MSG014::TBD-AGREGAR TEXTO CON DESCRIPCION DE SERVICIOS DE LLAMADA SALIENTE",
  "ABOUT_US_ITEM_1_TITLE":"MSG014::TBD-DESCRIPCION",
  "ABOUT_US_ITEM_1_DETAILS":"MSG015::TBD-DESCRIPCION",
  "ABOUT_US_ITEM_2_TITLE":"MSG016::TBD-DESCRIPCION",
  "ABOUT_US_ITEM_2_DETAILS":"MSG017::TBD-DESCRIPCION",
  "ABOUT_US_ITEM_3_TITLE":"MSG018::TBD-DESCRIPCION",
  "ABOUT_US_ITEM_3_DETAILS":"MSG019::TBD-DESCRIPCION",
  "ABOUT_US_ITEM_4_TITLE":"MSG020::TBD-DESCRIPCION",
  "ABOUT_US_ITEM_4_DETAILS":"MSG021::TBD-DESCRIPCION",
  "ABOUT_US_ITEM_5_TITLE":"MSG022::TBD-DESCRIPCION",
  "ABOUT_US_ITEM_5_DETAILS":"MSG023::TBD-DESCRIPCION",
  "ABOUT_US_ITEM_6_TITLE":"MSG024::TBD-DESCRIPCION",
  "ABOUT_US_ITEM_6_DETAILS":"MSG025::TBD-DESCRIPCION",
  "ABOUT_US_TITLE": "Sobre Nosotros",
  "ABOUT_US_DETAILS":"MSG0015::TBD-DESCRIPCION",
  "CONTACT_TITLE": "Contacto",
  "FOOTER_TITLE":"&copy; 2017 Sudamericanahousetv. Todos los derechos reservados.",
  "INQUERIES_TITLE":"En caso de consultas, contactate a ",
  "INQUERIES_EMAIL":"info@sudamericanahousetv.com",
  "TILE_TITLE_1": "Sudamérica House TV SRL es una empresa especializada en el diseño, dirección y gestión de diagramas de trabajo para organismos, fundaciones, negocios y empresas. Ofrecemos a nuestros clientes un completo servicio externalizado de todos los procesos y sectores empresariales para dinamizar sus estrategias de mercado y asesorarlas día a día para conseguir el éxito en sus proyectos empresariales.",
  "TILE_DETAILS_1": "MSG027::TBD-DESCRIPCION",
  "TILE_TITLE_2": "MSG028::TBD-DESCRIPCION",
  "TILE_DETAILS_2": "MSG029::TBD-DESCRIPCION",
  "TILE_TITLE_3": "MSG030::TBD-DESCRIPCION",
  "TILE_DETAILS_3": "MSG031::TBD-DESCRIPCION"
}