{
  "HOME_TITLE":"Inicio",
  "CALLCENTER_TITLE":"Callcenter",
  "SERVICES_INCOMING_TITLE": "Servicios Llamada Entrante",
  "SERVICES_OUTCOMING_TITLE": "Servicios Llamada Saliente",
  "SERVICES_INCOMING_CALL_DESCRIPTION": "EN-MSG001::TBD-AGREGAR TEXTO CON DESCRIPCION DE SERVICIOS DE LLAMADA ENTRANTE",
  "SERVICE_INCOMING_LIST_ITEM_1_TITLE": "EN-Atención al cliente",
  "SERVICE_INCOMING_LIST_ITEM_1_DETAILS": "EN-MSG002::TBD-DESCRIPCION",
  "SERVICE_INCOMING_LIST_ITEM_2_TITLE": "EN-Soporte al servicio técnico",
  "SERVICE_INCOMING_LIST_ITEM_2_DETAILS": "EN-MSG003::TBD-DESCRIPCION",
  "SERVICE_INCOMING_LIST_ITEM_3_TITLE": "EN-Fidelización de clientes",
  "SERVICE_INCOMING_LIST_ITEM_3_DETAILS": "EN-MSG004::TBD-DESCRIPCION",
  "SERVICE_INCOMING_LIST_ITEM_4_TITLE": "EN-Llamadas de altas y bajas",
  "SERVICE_INCOMING_LIST_ITEM_4_DETAILS": "EN-MSG005::TBD-DESCRIPCION",
  "SERVICE_INCOMING_LIST_ITEM_5_TITLE": "EN-Realización de pedidos",
  "SERVICE_INCOMING_LIST_ITEM_5_DETAILS": "EN-MSG006::TBD-DESCRIPCION",
  "SERVICE_OUTCOMING_LIST_ITEM_1_TITLE": "EN-Concertación de citas comerciales",
  "SERVICE_OUTCOMING_LIST_ITEM_1_DETAILS": "EN-MSG007::TBD-DESCRIPCION",
  "SERVICE_OUTCOMING_LIST_ITEM_2_TITLE": "EN-Optimización de bases de datos",
  "SERVICE_OUTCOMING_LIST_ITEM_2_DETAILS": "EN-MSG008::TBD-DESCRIPCION",
  "SERVICE_OUTCOMING_LIST_ITEM_3_TITLE": "EN-Encuestas telefónicas",
  "SERVICE_OUTCOMING_LIST_ITEM_3_DETAILS": "EN-MSG009::TBD-DESCRIPCION",
  "SERVICE_OUTCOMING_LIST_ITEM_4_TITLE": "EN-Televenta o Telemarketing",
  "SERVICE_OUTCOMING_LIST_ITEM_4_DETAILS": "EN-MSG010::TBD-DESCRIPCION",
  "SERVICE_OUTCOMING_LIST_ITEM_5_TITLE": "EN-Confirmación de asistencia a eventos",
  "SERVICE_OUTCOMING_LIST_ITEM_5_DETAILS": "EN-MSG011::TBD-DESCRIPCION",
  "SERVICE_OUTCOMING_LIST_ITEM_6_TITLE": "EN-Marketing relacional",
  "SERVICE_OUTCOMING_LIST_ITEM_6_DETAILS": "EN-MSG012::TBD-DESCRIPCION",
  "SERVICE_OUTCOMING_LIST_ITEM_7_TITLE": "EN-Cobro de morosos",
  "SERVICE_OUTCOMING_LIST_ITEM_7_DETAILS": "EN-MSG013::TBD-DESCRIPCION",
  "SERVICES_OUTCOMING_CALL_DESCRIPTION": "EN-MSG014::TBD-AGREGAR TEXTO CON DESCRIPCION DE SERVICIOS DE LLAMADA SALIENTE",
  "ABOUT_US_ITEM_1_TITLE":"EN-MSG014::TBD-DESCRIPCION",
  "ABOUT_US_ITEM_1_DETAILS":"EN-MSG015::TBD-DESCRIPCION",
  "ABOUT_US_ITEM_2_TITLE":"EN-MSG016::TBD-DESCRIPCION",
  "ABOUT_US_ITEM_2_DETAILS":"EN-MSG017::TBD-DESCRIPCION",
  "ABOUT_US_ITEM_3_TITLE":"EN-MSG018::TBD-DESCRIPCION",
  "ABOUT_US_ITEM_3_DETAILS":"EN-MSG019::TBD-DESCRIPCION",
  "ABOUT_US_ITEM_4_TITLE":"EN-MSG020::TBD-DESCRIPCION",
  "ABOUT_US_ITEM_4_DETAILS":"EN-MSG021::TBD-DESCRIPCION",
  "ABOUT_US_ITEM_5_TITLE":"EN-MSG022::TBD-DESCRIPCION",
  "ABOUT_US_ITEM_5_DETAILS":"EN-MSG023::TBD-DESCRIPCION",
  "ABOUT_US_ITEM_6_TITLE":"EN-MSG024::TBD-DESCRIPCION",
  "ABOUT_US_ITEM_6_DETAILS":"EN-MSG025::TBD-DESCRIPCION",
  "ABOUT_US_TITLE": "Sobre Nosotros",
  "ABOUT_US_DETAILS":"EN-MSG0015::TBD-DESCRIPCION",
  "CONTACT_TITLE": "Contacto",
  "FOOTER_TITLE":"EN-&copy; 2017 Sudamericanahousetv. Todos los derechos reservados.",
  "INQUERIES_TITLE":"EN-En caso de consultas, contactate a ",
  "INQUERIES_EMAIL":"EN-info@sudamericanahousetv.com",
  "TILE_TITLE_1": "EN-MSG026::TBD-DESCRIPCION",
  "TILE_DETAILS_1": "EN-MSG027::TBD-DESCRIPCION",
  "TILE_TITLE_2": "EN-MSG028::TBD-DESCRIPCION",
  "TILE_DETAILS_2": "EN-MSG029::TBD-DESCRIPCION",
  "TILE_TITLE_3": "EN-MSG030::TBD-DESCRIPCION",
  "TILE_DETAILS_3": "EN-MSG031::TBD-DESCRIPCION"
}